{
    "rmse": 0.6899259358092287,
    "mae": 0.5454212820166813,
    "r2": 0.2595701419146613
}