{
    "rmse": 0.6837720568782161,
    "mae": 0.5350871500823933,
    "r2": 0.27040687224014237
}